﻿[
  {
    "Title": "Rival Rush",
    "Description": "In this racing game, it's all about your skills - navigate your way through heavy traffic at full speed and avoid accidents at all costs!",
    "Thumbnail": "https://img.cdn.famobi.com/portal/html5games/images/tmp/60/RivalRushTeaser.jpg",
    "Thumbnail_Large": "https://img.cdn.famobi.com/portal/html5games/images/tmp/180/RivalRushTeaser.jpg",
    "Content": "https://play.famobi.com/rival-rush/A-GPSNV"
  },
  {
    "Title": "Street Pursuit",
    "Description": "Get in your super cool car, collect as much cash as you can and outrun the police in this fun skill racer! Make sure to meet the level goals to unlock new areas and keep an eye on the time. Use power-ups to defeat your pursuers and score even more points.",
    "Thumbnail": "https://img.cdn.famobi.com/portal/html5games/images/tmp/60/StreetPursuit_Teaser.jpg",
    "Thumbnail_Large": "https://img.cdn.famobi.com/portal/html5games/images/tmp/180/StreetPursuit_Teaser.jpg",
    "Content": "https://play.famobi.com/street-pursuit/A-GPSNV"
  },
  {
    "Title": "Drift Cup Racing",
    "Description": "Join the ultimate drifting competition and race for the cup! Earn coins, buy upgrades and leave your opponents in the dust!",
    "Thumbnail": "https://img.cdn.famobi.com/portal/html5games/images/tmp/60/DriftCupRacingTeaser.jpg",
    "Thumbnail_Large": "https://img.cdn.famobi.com/portal/html5games/images/tmp/180/DriftCupRacingTeaser.jpg",
    "Content": "https://play.famobi.com/drift-cup-racing/A-GPSNV"
  },
  {
    "Title": "Racing Monster Trucks",
    "Description": "Race, upgrade and customize cool monster trucks and beat your opponents in this thrilling racing game!",
    "Thumbnail": "https://img.cdn.famobi.com/portal/html5games/images/tmp/60/RacingMonsterTrucksTeaser.jpg",
    "Thumbnail_Large": "https://img.cdn.famobi.com/portal/html5games/images/tmp/180/RacingMonsterTrucksTeaser.jpg",
    "Content": "https://play.famobi.com/racing-monster-trucks/A-GPSNV"
  },
  {
    "Title": "Racing Cars",
    "Description": "Race against opponents, earn prize money and unlock cool new cars and various tracks! Compete with players all over the world for the best lap times and try to become champion of all tracks!",
    "Thumbnail": "https://img.cdn.famobi.com/portal/html5games/images/tmp/60/RacingCarsTeaser.jpg",
    "Thumbnail_Large": "https://img.cdn.famobi.com/portal/html5games/images/tmp/180/RacingCarsTeaser.jpg",
    "Content": "https://play.famobi.com/racing-cars/A-GPSNV"
  },
  {
    "Title": "Truck Trials",
    "Description": "Crush obstacles with your awesome monster truck and reach the finish line as fast as you can!",
    "Thumbnail": "https://img.cdn.famobi.com/portal/html5games/images/tmp/60/TruckTrialsTeaser.jpg",
    "Thumbnail_Large": "https://img.cdn.famobi.com/portal/html5games/images/tmp/180/TruckTrialsTeaser.jpg",
    "Content": "https://play.famobi.com/truck-trials/A-GPSNV"
  },
  {
    "Title": "Thug Racer",
    "Description": "Join the two wannabe thugs on an epic driving journey and outrun other cars and the police on your way to any of the five goal lines!",
    "Thumbnail": "https://img.cdn.famobi.com/portal/html5games/images/tmp/60/ThugRacerTeaser.jpg",
    "Thumbnail_Large": "https://img.cdn.famobi.com/portal/html5games/images/tmp/180/ThugRacerTeaser.jpg",
    "Content": "https://play.famobi.com/thug-racer/A-GPSNV"
  },
  {
    "Title": "Endless Truck",
    "Description": "Perform crazy stunts with your monster truck and race as far as you can!",
    "Thumbnail": "https://img.cdn.famobi.com/portal/html5games/images/tmp/60/EndlessTruckTeaser.jpg",
    "Thumbnail_Large": "https://img.cdn.famobi.com/portal/html5games/images/tmp/180/EndlessTruckTeaser.jpg",
    "Content": "https://play.famobi.com/endless-truck/A-GPSNV"
  },
  {
    "Title": "StreetRace Fury",
    "Description": "In StreetRace Fury you will get it all! Win the cups and prize money and buy new, expensive racing cars to have an even better chance at beating your opponents. Style your car and use upgrades to create the ultimative racing machine!",
    "Thumbnail": "https://img.cdn.famobi.com/portal/html5games/images/tmp/60/StreetRaceFuryTeaser.jpg",
    "Thumbnail_Large": "https://img.cdn.famobi.com/portal/html5games/images/tmp/180/StreetRaceFuryTeaser.jpg",
    "Content": "https://play.famobi.com/streetrace-fury/A-GPSNV"
  },
  {
    "Title": "2Cars",
    "Description": "Switch the lanes, avoid the squares, collect the circles and safe your 2 cars to get a high score!",
    "Thumbnail": "https://img.cdn.famobi.com/portal/html5games/images/tmp/60/2CarsTeaser.jpg",
    "Thumbnail_Large": "https://img.cdn.famobi.com/portal/html5games/images/tmp/180/2CarsTeaser.jpg",
    "Content": "https://play.famobi.com/2cars/A-GPSNV"
  }
]
